ornek_id,TP53,BRCA1,EGFR,MYC,GAPDH
S35,6.89,6.44,8.05,7.83,11.65
S20,5.63,5.96,8.18,8.15,11.50
S17,9.03,4.44,9.07,8.02,11.21
S36,9.20,3.61,7.93,7.77,11.03
S27,9.06,5.18,6.85,8.92,11.24
S33,9.01,4.72,9.52,7.35,11.51
S12,5.90,6.10,7.92,5.66,11.55
S28,10.58,4.39,8.55,8.06,11.41
S09,10.31,5.44,9.25,5.99,11.44
S22,6.50,6.43,5.75,7.11,11.42
S13,6.05,4.46,6.94,7.31,11.33
S26,6.18,6.46,7.29,7.92,11.78
S40,4.85,7.10,7.61,7.96,11.24
S37,10.89,5.35,5.76,7.61,11.78
S34,7.10,6.01,7.74,7.46,11.35
S19,6.45,6.58,6.48,8.70,11.71
S01,6.89,6.55,6.87,9.83,11.57
S06,5.71,5.89,5.83,7.18,11.40
S14,6.24,5.97,7.08,8.10,11.32
S31,7.18,3.90,7.50,6.80,11.69
S30,9.36,4.14,6.13,8.85,11.83
S29,8.70,4.65,5.90,6.82,11.56
S24,8.86,3.47,6.75,8.51,11.69
S39,6.25,7.02,7.73,7.70,11.65
S04,9.88,4.91,7.81,7.98,11.35
S03,7.09,7.52,5.59,7.25,11.76
S11,9.62,4.24,7.00,8.24,11.49
S25,9.98,5.09,7.67,8.13,11.31
S10,8.74,4.39,8.55,7.37,11.57
S18,9.58,3.99,7.87,6.95,11.70
S15,9.01,5.11,6.80,6.12,11.34
S02,10.56,4.20,8.13,7.31,10.94
S08,9.83,4.79,7.83,6.25,11.75
S21,5.75,6.68,7.71,6.67,11.42
S05,6.85,6.43,4.29,7.74,11.45
S32,7.02,6.67,5.12,7.65,11.49
S38,7.42,6.81,9.07,7.39,11.02
S23,8.20,5.03,9.36,7.12,11.19
S07,6.76,7.38,6.47,8.06,11.32
S16,6.84,6.27,5.53,8.46,11.58
