ornek_id,grup,cinsiyet,yas
S01,kontrol,E,51
S02,hasta,K,56
S03,kontrol,K,36
S04,hasta,E,60
S05,kontrol,E,43
S06,kontrol,E,46
S07,kontrol,K,36
S08,hasta,E,60
S09,hasta,K,61
S10,hasta,E,59
S11,hasta,E,53
S12,kontrol,K,41
S13,kontrol,K,54
S14,kontrol,E,45
S15,hasta,E,63
S16,kontrol,E,54
S17,hasta,K,50
S18,hasta,K,55
S19,kontrol,K,51
S20,kontrol,E,44
S21,kontrol,K,51
S22,kontrol,E,49
S23,hasta,K,66
S24,hasta,K,62
S25,hasta,E,57
S26,kontrol,E,42
S27,hasta,K,57
S28,hasta,E,63
S29,hasta,K,53
S30,hasta,E,63
S31,hasta,K,63
S32,kontrol,K,53
S33,hasta,K,55
S34,kontrol,K,43
S35,kontrol,K,55
S36,hasta,E,58
S37,hasta,E,62
S38,kontrol,E,45
S39,kontrol,K,51
S40,kontrol,E,54
